"","long","lat","unique_squirrel_id","hectare","shift","date","hectare_squirrel_number","age","primary_fur_color","highlight_fur_color","combination_of_primary_and_highlight_color","color_notes","location","above_ground_sighter_measurement","specific_location","running","chasing","climbing","eating","foraging","other_activities","kuks","quaas","moans","tail_flags","tail_twitches","approaches","indifferent","runs_from","other_interactions","lat_long","zip_codes","community_districts","borough_boundaries","city_council_districts","police_precincts"
"1",-73.9565700386162,40.7902561000937,"33H-AM-1019-02","33H","AM",10192018,2,"Juvenile","Gray","Cinnamon","Gray+Cinnamon",NA,"Ground Plane","FALSE",NA,FALSE,FALSE,FALSE,FALSE,FALSE,"wrestling with mother",FALSE,FALSE,FALSE,FALSE,FALSE,FALSE,FALSE,FALSE,NA,"POINT (-73.9565700386162 40.7902561000937)",NA,19,4,19,13
"2",-73.9584970643213,40.7982886348696,"40B-AM-1019-03","40B","AM",10192018,3,"Juvenile","Gray","White","Gray+White",NA,"Ground Plane","FALSE",NA,TRUE,TRUE,FALSE,FALSE,FALSE,NA,FALSE,FALSE,FALSE,FALSE,TRUE,TRUE,FALSE,FALSE,NA,"POINT (-73.9584970643213 40.7982886348696)",NA,19,4,19,13
"3",-73.9676410497481,40.7766043512974,"15G-PM-1019-05","15G","PM",10192018,5,"Adult","Gray","Cinnamon","Gray+Cinnamon",NA,"Above Ground","4",NA,FALSE,FALSE,TRUE,FALSE,FALSE,NA,FALSE,FALSE,FALSE,FALSE,FALSE,FALSE,FALSE,FALSE,NA,"POINT (-73.9676410497481 40.7766043512974)",NA,19,4,19,13
"4",-73.9710541405708,40.7724691605718,"10F-PM-1019-05","10F","PM",10192018,5,"Adult","Black",NA,"Black+",NA,"Above Ground","10","Behind fence, tree",FALSE,FALSE,TRUE,FALSE,FALSE,NA,FALSE,FALSE,FALSE,FALSE,FALSE,FALSE,TRUE,FALSE,NA,"POINT (-73.9710541405708 40.7724691605718)",NA,19,4,19,13
"5",-73.9597205966324,40.7969409510133,"38B-AM-1019-01","38B","AM",10192018,1,"Adult","Gray","White","Gray+White",NA,"Ground Plane","FALSE",NA,TRUE,FALSE,FALSE,FALSE,FALSE,NA,FALSE,FALSE,FALSE,FALSE,FALSE,FALSE,FALSE,TRUE,NA,"POINT (-73.9597205966324 40.7969409510133)",NA,19,4,19,13
"6",-73.958535640774,40.7982737896998,"40B-AM-1019-02","40B","AM",10192018,2,"Juvenile","Gray","White","Gray+White",NA,"Ground Plane","FALSE",NA,TRUE,TRUE,FALSE,FALSE,FALSE,NA,FALSE,FALSE,FALSE,FALSE,TRUE,FALSE,FALSE,FALSE,NA,"POINT (-73.958535640774 40.7982737896998)",NA,19,4,19,13
"7",-73.9708775864433,40.772473633538,"10F-PM-1019-12","10F","PM",10192018,12,"Adult","Black","White","Black+White",NA,"Ground Plane","FALSE",NA,TRUE,FALSE,FALSE,FALSE,TRUE,NA,FALSE,FALSE,FALSE,FALSE,FALSE,FALSE,FALSE,TRUE,NA,"POINT (-73.9708775864433 40.772473633538)",NA,19,4,19,13
"8",-73.9588468413094,40.7963852299012,"38B-AM-1019-05","38B","AM",10192018,5,"Adult","Gray",NA,"Gray+",NA,"Above Ground","28",NA,FALSE,FALSE,TRUE,FALSE,FALSE,"sitting still",FALSE,TRUE,FALSE,FALSE,FALSE,FALSE,FALSE,FALSE,NA,"POINT (-73.9588468413094 40.7963852299012)",NA,19,4,19,13
"9",-73.9700162034073,40.7815277479588,"19B-AM-1019-02","19B","AM",10192018,2,"Juvenile","Gray","Cinnamon, White","Gray+Cinnamon, White",NA,"Ground Plane","FALSE",NA,TRUE,FALSE,FALSE,TRUE,FALSE,"posing",FALSE,FALSE,FALSE,FALSE,FALSE,FALSE,TRUE,TRUE,"indifferent then runs from","POINT (-73.9700162034073 40.7815277479588)",NA,19,4,19,13
"10",-73.9510747586301,40.7973106833951,"42H-AM-1019-02","42H","AM",10192018,2,"Adult","Gray","Cinnamon","Gray+Cinnamon",NA,"Ground Plane","FALSE",NA,FALSE,FALSE,FALSE,FALSE,TRUE,NA,FALSE,FALSE,FALSE,FALSE,FALSE,FALSE,TRUE,FALSE,NA,"POINT (-73.9510747586301 40.7973106833951)",NA,19,4,19,13
"11",-73.9710760196868,40.7725506006789,"10F-PM-1019-02","10F","PM",10192018,2,"Juvenile","Gray","Cinnamon","Gray+Cinnamon","Cinnamon head & stripe","Ground Plane","FALSE","Behind fence, grass",TRUE,FALSE,FALSE,FALSE,FALSE,NA,FALSE,FALSE,FALSE,FALSE,TRUE,FALSE,FALSE,TRUE,NA,"POINT (-73.9710760196868 40.7725506006789)",NA,19,4,19,13
"12",-73.9712318712643,40.7773053099657,"14D-PM-1019-04","14D","PM",10192018,4,"Adult","Gray",NA,"Gray+",NA,"Ground Plane","FALSE",NA,FALSE,FALSE,FALSE,TRUE,FALSE,NA,FALSE,FALSE,FALSE,FALSE,FALSE,FALSE,FALSE,FALSE,NA,"POINT (-73.9712318712643 40.7773053099657)",NA,19,4,19,13
"13",-73.9579218587172,40.7960605028848,"38C-AM-1019-04","38C","AM",10192018,4,"Adult","Gray",NA,"Gray+",NA,"Ground Plane","FALSE",NA,FALSE,FALSE,FALSE,FALSE,TRUE,NA,TRUE,TRUE,FALSE,FALSE,FALSE,FALSE,TRUE,FALSE,NA,"POINT (-73.9579218587172 40.79606050288481)",NA,19,4,19,13
"14",-73.9639832886071,40.7909532437095,"30B-PM-1019-08","30B","PM",10192018,8,"Adult","Gray","Cinnamon, White","Gray+Cinnamon, White",NA,"Ground Plane","FALSE",NA,FALSE,FALSE,TRUE,TRUE,TRUE,NA,FALSE,FALSE,FALSE,FALSE,FALSE,FALSE,FALSE,TRUE,NA,"POINT (-73.9639832886071 40.7909532437095)",NA,19,4,19,13
"15",-73.9720907384613,40.7762987836055,"13C-PM-1019-01","13C","PM",10192018,1,"Adult","Gray",NA,"Gray+",NA,"Above Ground","7",NA,FALSE,FALSE,TRUE,FALSE,FALSE,NA,TRUE,FALSE,FALSE,FALSE,FALSE,FALSE,TRUE,FALSE,NA,"POINT (-73.9720907384613 40.7762987836055)",NA,19,4,19,13
"16",-73.958356112357,40.796014459571,"38C-AM-1019-07","38C","AM",10192018,7,"Adult","Gray","Cinnamon","Gray+Cinnamon","Gray & Cinnamon selected as Primary. Nothing selected as Highlights. Made executive adjustments.","Ground Plane","FALSE",NA,TRUE,FALSE,FALSE,FALSE,TRUE,NA,FALSE,FALSE,FALSE,FALSE,TRUE,FALSE,FALSE,TRUE,NA,"POINT (-73.958356112357 40.796014459571)",NA,19,4,19,13
"17",-73.9705123624953,40.7731723757869,"10F-PM-1019-11","10F","PM",10192018,11,"Adult","Gray","Cinnamon","Gray+Cinnamon",NA,"Ground Plane","FALSE","Grassy area",FALSE,FALSE,FALSE,FALSE,TRUE,NA,FALSE,FALSE,FALSE,FALSE,FALSE,FALSE,FALSE,TRUE,NA,"POINT (-73.9705123624953 40.7731723757869)",NA,19,4,19,13
"18",-73.9730224561601,40.7796833353894,"16A-PM-1019-04","16A","PM",10192018,4,"Adult","Gray","Cinnamon","Gray+Cinnamon",NA,"Ground Plane","FALSE",NA,FALSE,FALSE,FALSE,FALSE,TRUE,NA,FALSE,FALSE,FALSE,FALSE,TRUE,FALSE,TRUE,FALSE,NA,"POINT (-73.9730224561601 40.7796833353894)",NA,19,4,19,13
"19",-73.9707197274481,40.7773956803431,"14D-PM-1019-12","14D","PM",10192018,12,"Adult","Gray",NA,"Gray+",NA,NA,NA,NA,FALSE,FALSE,FALSE,FALSE,FALSE,NA,FALSE,FALSE,FALSE,FALSE,FALSE,FALSE,FALSE,FALSE,NA,"POINT (-73.9707197274481 40.7773956803431)",NA,19,4,19,13
"20",-73.9576035072364,40.7966120824816,"38C-AM-1019-01","38C","AM",10192018,1,"Juvenile","Gray","White","Gray+White",NA,"Ground Plane","FALSE",NA,TRUE,FALSE,FALSE,FALSE,FALSE,NA,FALSE,FALSE,FALSE,FALSE,FALSE,FALSE,FALSE,TRUE,"runs from (lawnmower)","POINT (-73.9576035072364 40.7966120824816)",NA,19,4,19,13
"21",-73.9673548527075,40.7765669058396,"15G-PM-1019-11","15G","PM",10192018,11,"Adult","Gray",NA,"Gray+",NA,"Above Ground","4",NA,FALSE,FALSE,TRUE,FALSE,FALSE,NA,FALSE,FALSE,FALSE,FALSE,FALSE,FALSE,FALSE,FALSE,"stared","POINT (-73.9673548527075 40.7765669058396)",NA,19,4,19,13
"22",-73.970720187655,40.7774564799983,"14D-PM-1019-11","14D","PM",10192018,11,"Adult","Gray",NA,"Gray+",NA,NA,NA,NA,FALSE,FALSE,FALSE,FALSE,FALSE,NA,FALSE,FALSE,FALSE,FALSE,FALSE,FALSE,FALSE,FALSE,NA,"POINT (-73.970720187655 40.7774564799983)",NA,19,4,19,13
"23",-73.9688574691102,40.7837825208444,"21B-AM-1019-04","21B","AM",10192018,4,NA,NA,NA,"+",NA,NA,NA,NA,FALSE,FALSE,FALSE,FALSE,FALSE,NA,FALSE,FALSE,FALSE,FALSE,FALSE,FALSE,FALSE,FALSE,NA,"POINT (-73.9688574691102 40.7837825208444)",NA,19,4,19,13
"24",-73.9721797824576,40.7801213843628,"16A-PM-1019-07","16A","PM",10192018,7,"Juvenile","Gray","Cinnamon, White","Gray+Cinnamon, White",NA,"Ground Plane","FALSE",NA,FALSE,FALSE,FALSE,FALSE,TRUE,NA,FALSE,FALSE,FALSE,FALSE,TRUE,TRUE,FALSE,FALSE,"approaches (very friendly)","POINT (-73.9721797824576 40.7801213843628)",NA,19,4,19,13
"25",-73.9801007327506,40.7677455633932,"1B-PM-1019-06","01B","PM",10192018,6,"Juvenile","Cinnamon","White","Cinnamon+White",NA,"Ground Plane","FALSE",NA,FALSE,FALSE,FALSE,TRUE,FALSE,NA,FALSE,FALSE,FALSE,FALSE,FALSE,FALSE,TRUE,FALSE,NA,"POINT (-73.9801007327506 40.7677455633932)",NA,19,4,19,13
"26",-73.9586098170241,40.7939653733898,"35D-AM-1019-01","35D","AM",10192018,1,NA,NA,NA,"+",NA,"Above Ground",NA,"on tree, blue jays gathering nearby",FALSE,FALSE,FALSE,FALSE,FALSE,NA,TRUE,FALSE,FALSE,FALSE,FALSE,FALSE,FALSE,FALSE,NA,"POINT (-73.9586098170241 40.7939653733898)",NA,19,4,19,13
"27",-73.9562765288004,40.7880617963868,"31I-PM-1019-02","31I","PM",10192018,2,"Adult","Gray",NA,"Gray+",NA,"Ground Plane","FALSE",NA,FALSE,FALSE,FALSE,FALSE,TRUE,NA,FALSE,FALSE,FALSE,FALSE,FALSE,FALSE,TRUE,FALSE,NA,"POINT (-73.9562765288004 40.7880617963868)",NA,19,4,19,13
"28",-73.972212563004,40.7761311465857,"13C-PM-1019-05","13C","PM",10192018,5,"Adult","Gray","Cinnamon","Gray+Cinnamon",NA,"Ground Plane","FALSE",NA,FALSE,FALSE,FALSE,TRUE,TRUE,NA,FALSE,FALSE,FALSE,FALSE,TRUE,TRUE,TRUE,FALSE,NA,"POINT (-73.972212563004 40.7761311465857)",NA,19,4,19,13
"29",-73.969353372175,40.7838247422369,"21A-AM-1019-06","21A","AM",10192018,6,"Juvenile","Gray",NA,"Gray+",NA,"Ground Plane","FALSE",NA,FALSE,FALSE,FALSE,FALSE,TRUE,NA,FALSE,FALSE,FALSE,FALSE,FALSE,FALSE,TRUE,FALSE,NA,"POINT (-73.969353372175 40.7838247422369)",NA,19,4,19,13
"30",-73.9504693544225,40.797225436004,"42H-AM-1019-01","42H","AM",10192018,1,"Adult","Cinnamon","White","Cinnamon+White",NA,"Ground Plane","FALSE",NA,FALSE,FALSE,FALSE,TRUE,TRUE,NA,FALSE,FALSE,FALSE,FALSE,FALSE,FALSE,FALSE,FALSE,NA,"POINT (-73.9504693544225 40.797225436004)",NA,19,4,19,13
"31",-73.9711176999471,40.7724278547281,"10F-PM-1019-06","10F","PM",10192018,6,"Adult","Gray","White","Gray+White",NA,"Above Ground","10","Different tree",FALSE,FALSE,TRUE,FALSE,FALSE,NA,FALSE,FALSE,FALSE,FALSE,FALSE,FALSE,TRUE,FALSE,NA,"POINT (-73.9711176999471 40.7724278547281)",NA,19,4,19,13
"32",-73.9684463154398,40.7834813319352,"21B-AM-1019-02","21B","AM",10192018,2,"Adult","Gray",NA,"Gray+",NA,"Ground Plane","FALSE",NA,FALSE,FALSE,FALSE,FALSE,FALSE,NA,FALSE,FALSE,FALSE,FALSE,FALSE,FALSE,TRUE,FALSE,NA,"POINT (-73.9684463154398 40.7834813319352)",NA,19,4,19,13
"33",-73.9697196619878,40.7814068507607,"19B-AM-1019-01","19B","AM",10192018,1,"Juvenile","Gray","Cinnamon, White","Gray+Cinnamon, White","Side stripes","Ground Plane","FALSE",NA,TRUE,FALSE,FALSE,TRUE,FALSE,NA,FALSE,FALSE,FALSE,FALSE,FALSE,FALSE,TRUE,TRUE,"indifferent then runs from","POINT (-73.9697196619878 40.7814068507607)",NA,19,4,19,13
"34",-73.97002473509,40.7836929044459,"21A-AM-1019-08","21A","AM",10192018,8,"Adult","Gray","Cinnamon","Gray+Cinnamon",NA,"Ground Plane","FALSE",NA,FALSE,FALSE,FALSE,TRUE,TRUE,NA,FALSE,FALSE,FALSE,FALSE,FALSE,FALSE,TRUE,FALSE,NA,"POINT (-73.97002473509 40.7836929044459)",NA,19,4,19,13
"35",-73.9582643954055,40.8000460061272,"42A-AM-1019-01","42A","AM",10192018,1,"Juvenile","Gray","White","Gray+White",NA,"Ground Plane","FALSE",NA,FALSE,FALSE,FALSE,FALSE,TRUE,NA,FALSE,FALSE,FALSE,FALSE,TRUE,FALSE,TRUE,FALSE,NA,"POINT (-73.95826439540551 40.8000460061272)",NA,19,4,19,13
"36",-73.9808247660048,40.7689408831287,"2A-PM-1019-01","02A","PM",10192018,1,"Adult","Gray","White","Gray+White",NA,"Ground Plane","FALSE",NA,FALSE,FALSE,FALSE,FALSE,FALSE,"runs from",FALSE,FALSE,FALSE,TRUE,FALSE,FALSE,FALSE,TRUE,NA,"POINT (-73.9808247660048 40.7689408831287)",NA,19,4,19,13
"37",-73.9674177504573,40.7769569731993,"15G-PM-1019-03","15G","PM",10192018,3,"Juvenile","Gray",NA,"Gray+",NA,"Ground Plane","FALSE",NA,TRUE,FALSE,FALSE,FALSE,FALSE,NA,FALSE,FALSE,FALSE,FALSE,FALSE,FALSE,FALSE,TRUE,NA,"POINT (-73.9674177504573 40.7769569731993)",NA,19,4,19,13
"38",-73.9708002461415,40.7726685284831,"10F-PM-1019-10","10F","PM",10192018,10,"Adult","Gray","Cinnamon","Gray+Cinnamon",NA,"Ground Plane","FALSE","Arbor path & hill w/ bushes",TRUE,FALSE,FALSE,TRUE,TRUE,NA,FALSE,FALSE,FALSE,FALSE,TRUE,FALSE,TRUE,FALSE,NA,"POINT (-73.9708002461415 40.7726685284831)",NA,19,4,19,13
"39",-73.9718597156773,40.7765858763313,"13C-PM-1019-04","13C","PM",10192018,4,"Adult","Gray",NA,"Gray+",NA,"Ground Plane","FALSE",NA,TRUE,FALSE,FALSE,FALSE,FALSE,NA,FALSE,FALSE,FALSE,FALSE,FALSE,FALSE,FALSE,TRUE,NA,"POINT (-73.9718597156773 40.7765858763313)",NA,19,4,19,13
"40",-73.9631045499811,40.7906180969472,"30B-PM-1019-04","30B","PM",10192018,4,"Adult","Gray","Cinnamon, White","Gray+Cinnamon, White",NA,"Ground Plane","FALSE",NA,TRUE,FALSE,TRUE,TRUE,TRUE,NA,FALSE,FALSE,FALSE,FALSE,FALSE,FALSE,FALSE,TRUE,NA,"POINT (-73.9631045499811 40.7906180969472)",NA,19,4,19,13
"41",-73.9709817796369,40.7773554311586,"14D-PM-1019-07","14D","PM",10192018,7,"Adult","Gray",NA,"Gray+",NA,"Ground Plane","FALSE",NA,FALSE,FALSE,FALSE,TRUE,FALSE,NA,FALSE,FALSE,FALSE,FALSE,FALSE,FALSE,FALSE,TRUE,NA,"POINT (-73.9709817796369 40.7773554311586)",NA,19,4,19,13
"42",-73.9673160165357,40.7766158001202,"15G-PM-1019-12","15G","PM",10192018,12,"Adult","Gray",NA,"Gray+",NA,"Above Ground","4",NA,FALSE,FALSE,TRUE,FALSE,FALSE,NA,FALSE,FALSE,FALSE,FALSE,FALSE,FALSE,FALSE,FALSE,"stared","POINT (-73.9673160165357 40.7766158001202)",NA,19,4,19,13
"43",-73.9635689059841,40.790163434915,"30B-PM-1019-03","30B","PM",10192018,3,"Adult","Gray","Black","Gray+Black",NA,"Above Ground","10",NA,FALSE,FALSE,TRUE,FALSE,FALSE,NA,FALSE,FALSE,FALSE,FALSE,FALSE,FALSE,FALSE,FALSE,NA,"POINT (-73.9635689059841 40.790163434915)",NA,19,4,19,13
"44",-73.980948293606,40.7685688850628,"2A-PM-1019-04","02A","PM",10192018,4,"Juvenile","Gray","White","Gray+White",NA,"Above Ground","15","in tree!",TRUE,FALSE,FALSE,FALSE,FALSE,NA,FALSE,FALSE,FALSE,FALSE,FALSE,FALSE,TRUE,FALSE,NA,"POINT (-73.980948293606 40.7685688850628)",NA,19,4,19,13
"45",-73.9636551433178,40.7901572818776,"30B-PM-1019-02","30B","PM",10192018,2,"Adult","Gray","Black, Cinnamon, White","Gray+Black, Cinnamon, White",NA,"Ground Plane","FALSE",NA,FALSE,TRUE,FALSE,TRUE,TRUE,NA,FALSE,FALSE,FALSE,FALSE,TRUE,FALSE,FALSE,TRUE,NA,"POINT (-73.9636551433178 40.7901572818776)",NA,19,4,19,13
"46",-73.9710951149579,40.772501245008,"10F-PM-1019-04","10F","PM",10192018,4,"Adult","Black",NA,"Black+",NA,"Ground Plane","FALSE","Behind fence, grass",FALSE,FALSE,FALSE,FALSE,TRUE,NA,FALSE,FALSE,FALSE,FALSE,FALSE,FALSE,TRUE,FALSE,NA,"POINT (-73.9710951149579 40.772501245008)",NA,19,4,19,13
"47",-73.9677409841969,40.7763579140639,"15G-PM-1019-08","15G","PM",10192018,8,"Adult",NA,NA,"+",NA,"Above Ground","5",NA,FALSE,TRUE,FALSE,FALSE,FALSE,NA,FALSE,TRUE,TRUE,FALSE,FALSE,FALSE,FALSE,FALSE,NA,"POINT (-73.9677409841969 40.7763579140639)",NA,19,4,19,13
"48",-73.9608399003798,40.7817704502248,"23I-AM-1019-01","23I","AM",10192018,1,"Adult","Gray","Cinnamon","Gray+Cinnamon",NA,"Above Ground","18","on a tree",FALSE,FALSE,TRUE,FALSE,FALSE,NA,FALSE,FALSE,FALSE,FALSE,FALSE,FALSE,FALSE,FALSE,"eyed me warily,then went up the tree","POINT (-73.9608399003798 40.7817704502248)",NA,19,4,19,13
"49",-73.9803282698463,40.7680809889384,"1B-PM-1019-09","01B","PM",10192018,9,"Adult","Gray","White","Gray+White",NA,"Ground Plane","FALSE","Tree to ground",FALSE,FALSE,FALSE,FALSE,TRUE,NA,FALSE,FALSE,FALSE,TRUE,FALSE,FALSE,TRUE,FALSE,NA,"POINT (-73.9803282698463 40.7680809889384)",NA,19,4,19,13
"50",-73.9807982742225,40.7678795985389,"1B-PM-1019-01","01B","PM",10192018,1,"Adult","Gray","White","Gray+White",NA,"Ground Plane","FALSE",NA,FALSE,FALSE,FALSE,FALSE,TRUE,NA,FALSE,FALSE,FALSE,FALSE,FALSE,FALSE,TRUE,FALSE,NA,"POINT (-73.9807982742225 40.7678795985389)",NA,19,4,19,13
"51",-73.958230674366,40.7989268396525,"40B-AM-1019-08","40B","AM",10192018,8,"Adult","Gray","White","Gray+White",NA,"Ground Plane","FALSE",NA,FALSE,FALSE,TRUE,FALSE,TRUE,NA,FALSE,FALSE,FALSE,FALSE,FALSE,FALSE,TRUE,TRUE,NA,"POINT (-73.958230674366 40.7989268396525)",NA,19,4,19,13
"52",-73.9674033125834,40.7769132902037,"15G-PM-1019-02","15G","PM",10192018,2,"Adult","Gray","Cinnamon","Gray+Cinnamon",NA,"Ground Plane","FALSE",NA,TRUE,FALSE,FALSE,FALSE,FALSE,NA,FALSE,FALSE,FALSE,FALSE,FALSE,FALSE,FALSE,TRUE,NA,"POINT (-73.9674033125834 40.7769132902037)",NA,19,4,19,13
"53",-73.9580111496275,40.7985365971474,"40B-AM-1019-05","40B","AM",10192018,5,"Adult","Gray","Cinnamon, White","Gray+Cinnamon, White",NA,"Ground Plane","FALSE",NA,FALSE,FALSE,FALSE,FALSE,TRUE,NA,FALSE,FALSE,FALSE,FALSE,TRUE,TRUE,TRUE,FALSE,NA,"POINT (-73.9580111496275 40.7985365971474)",NA,19,4,19,13
"54",-73.9764013589865,40.7663063499207,"1F-PM-1019-03","01F","PM",10192018,3,"Juvenile","Gray",NA,"Gray+",NA,"Above Ground","1",NA,FALSE,FALSE,FALSE,FALSE,FALSE,"hiding",FALSE,FALSE,FALSE,FALSE,FALSE,FALSE,FALSE,FALSE,NA,"POINT (-73.9764013589865 40.7663063499207)",NA,19,4,19,13
"55",-73.9603597117619,40.7824399298414,"23I-PM-1019-02","23I","PM",10192018,2,"Adult","Gray",NA,"Gray+",NA,"Ground Plane","FALSE",NA,FALSE,FALSE,TRUE,FALSE,FALSE,NA,FALSE,FALSE,FALSE,FALSE,FALSE,FALSE,FALSE,FALSE,NA,"POINT (-73.9603597117619 40.7824399298414)",NA,19,4,19,13
"56",-73.9652921233647,40.790440565854,"29A-PM-1019-01","29A","PM",10192018,1,"Adult","Gray","Cinnamon","Gray+Cinnamon",NA,"Ground Plane","FALSE",NA,FALSE,FALSE,FALSE,FALSE,TRUE,NA,FALSE,FALSE,FALSE,FALSE,FALSE,FALSE,TRUE,FALSE,NA,"POINT (-73.9652921233647 40.790440565854)",NA,19,4,19,13
"57",-73.9589096782789,40.7939698757903,"35D-AM-1019-02","35D","AM",10192018,2,"Adult","Gray","Black, Cinnamon, White","Gray+Black, Cinnamon, White","Black tail & edge, Cinnamon mid, While tail edge","Ground Plane","FALSE",NA,FALSE,FALSE,FALSE,FALSE,TRUE,"very quietly searching in long grass",FALSE,FALSE,FALSE,FALSE,FALSE,FALSE,FALSE,FALSE,NA,"POINT (-73.9589096782789 40.7939698757903)",NA,19,4,19,13
"58",-73.9674724790652,40.7768771349868,"15G-PM-1019-01","15G","PM",10192018,1,"Adult","Gray","Cinnamon","Gray+Cinnamon",NA,"Ground Plane","FALSE",NA,FALSE,FALSE,FALSE,TRUE,FALSE,NA,FALSE,FALSE,FALSE,FALSE,TRUE,FALSE,TRUE,FALSE,NA,"POINT (-73.9674724790652 40.7768771349868)",NA,19,4,19,13
"59",-73.9528353702209,40.7976456178263,"41F-PM-1019-02","41F","PM",10192018,2,NA,NA,NA,"+",NA,NA,NA,NA,FALSE,FALSE,FALSE,FALSE,FALSE,NA,FALSE,FALSE,FALSE,FALSE,FALSE,FALSE,FALSE,FALSE,NA,"POINT (-73.9528353702209 40.7976456178263)",NA,19,4,19,13
"60",-73.9586077039567,40.7961896477077,"38C-AM-1019-10","38C","AM",10192018,10,"Adult","Gray","White","Gray+White",NA,"Above Ground","20",NA,TRUE,FALSE,TRUE,TRUE,FALSE,NA,TRUE,FALSE,FALSE,FALSE,TRUE,FALSE,FALSE,TRUE,NA,"POINT (-73.9586077039567 40.7961896477077)",NA,19,4,19,13
"61",-73.9676732725672,40.7763194425467,"15G-PM-1019-09","15G","PM",10192018,9,"Adult","Gray",NA,"Gray+",NA,"Ground Plane","FALSE",NA,FALSE,FALSE,FALSE,TRUE,FALSE,NA,FALSE,FALSE,FALSE,FALSE,FALSE,FALSE,FALSE,FALSE,NA,"POINT (-73.9676732725672 40.7763194425467)",NA,19,4,19,13
"62",-73.9648090698176,40.7903882097837,"29A-PM-1019-03","29A","PM",10192018,3,"Juvenile","Black","Cinnamon","Black+Cinnamon",NA,"Ground Plane","FALSE",NA,FALSE,FALSE,FALSE,FALSE,FALSE,NA,FALSE,FALSE,FALSE,FALSE,FALSE,TRUE,FALSE,TRUE,"ran from,but now approaching. kind of weirding me out.","POINT (-73.9648090698176 40.7903882097837)",NA,19,4,19,13
"63",-73.9587913289229,40.7961707624534,"38C-AM-1019-11","38C","AM",10192018,11,"Adult","Gray","White","Gray+White",NA,"Above Ground","20",NA,TRUE,FALSE,TRUE,TRUE,FALSE,NA,TRUE,FALSE,FALSE,FALSE,TRUE,FALSE,FALSE,TRUE,NA,"POINT (-73.9587913289229 40.7961707624534)",NA,19,4,19,13
"64",-73.9802840031759,40.7678599069819,"1B-PM-1019-04","01B","PM",10192018,4,"Juvenile","Gray","White","Gray+White",NA,"Above Ground","25","in tree",FALSE,TRUE,FALSE,FALSE,FALSE,NA,FALSE,FALSE,FALSE,FALSE,FALSE,FALSE,FALSE,FALSE,NA,"POINT (-73.9802840031759 40.7678599069819)",NA,19,4,19,13
"65",-73.9600204328201,40.782877291358,"24I-AM-1019-01","24I","AM",10192018,1,"Adult","Gray","White","Gray+White",NA,"Above Ground","10",NA,FALSE,FALSE,FALSE,TRUE,FALSE,NA,FALSE,FALSE,FALSE,FALSE,FALSE,FALSE,FALSE,FALSE,NA,"POINT (-73.9600204328201 40.782877291358)",NA,19,4,19,13
"66",-73.961335649743,40.7818876867842,"23H-PM-1019-01","23H","PM",10192018,1,"Adult","Gray",NA,"Gray+",NA,"Ground Plane","FALSE",NA,TRUE,FALSE,FALSE,FALSE,FALSE,NA,FALSE,FALSE,FALSE,FALSE,FALSE,FALSE,FALSE,FALSE,NA,"POINT (-73.961335649743 40.7818876867842)",NA,19,4,19,13
"67",-73.9696196840065,40.7836431098335,"21A-AM-1019-09","21A","AM",10192018,9,"Adult","Gray",NA,"Gray+",NA,"Ground Plane","FALSE",NA,FALSE,FALSE,FALSE,FALSE,TRUE,NA,FALSE,FALSE,FALSE,FALSE,FALSE,FALSE,TRUE,FALSE,NA,"POINT (-73.9696196840065 40.7836431098335)",NA,19,4,19,13
"68",-73.9720289863666,40.7763749561607,"13C-PM-1019-03","13C","PM",10192018,3,"Adult","Gray","White","Gray+White",NA,"Ground Plane","FALSE",NA,TRUE,FALSE,FALSE,TRUE,FALSE,NA,FALSE,FALSE,FALSE,FALSE,FALSE,FALSE,FALSE,TRUE,NA,"POINT (-73.97202898636661 40.7763749561607)",NA,19,4,19,13
"69",-73.970041085185,40.7834427580313,"21A-AM-1019-07","21A","AM",10192018,7,"Adult","Gray",NA,"Gray+",NA,"Above Ground","25",NA,TRUE,FALSE,TRUE,FALSE,FALSE,NA,FALSE,FALSE,FALSE,FALSE,FALSE,FALSE,TRUE,FALSE,NA,"POINT (-73.970041085185 40.783442758031306)",NA,19,4,19,13
"70",-73.9725961508316,40.7795720444974,"16A-PM-1019-06","16A","PM",10192018,6,"Juvenile","Gray",NA,"Gray+",NA,"Ground Plane","FALSE",NA,TRUE,FALSE,FALSE,FALSE,FALSE,NA,FALSE,FALSE,FALSE,FALSE,TRUE,FALSE,FALSE,TRUE,NA,"POINT (-73.9725961508316 40.7795720444974)",NA,19,4,19,13
"71",-73.957710975899,40.7984055614047,"40B-AM-1019-06","40B","AM",10192018,6,"Juvenile","Gray","White","Gray+White",NA,"Ground Plane","FALSE",NA,FALSE,FALSE,FALSE,FALSE,TRUE,NA,FALSE,FALSE,FALSE,FALSE,FALSE,FALSE,FALSE,TRUE,NA,"POINT (-73.957710975899 40.7984055614047)",NA,19,4,19,13
"72",-73.9804065254162,40.7681481183296,"1B-PM-1019-08","01B","PM",10192018,8,"Adult","Gray","White","Gray+White",NA,"Ground Plane","FALSE",NA,FALSE,FALSE,FALSE,TRUE,FALSE,NA,FALSE,FALSE,FALSE,FALSE,FALSE,FALSE,TRUE,FALSE,NA,"POINT (-73.9804065254162 40.7681481183296)",NA,19,4,19,13
"73",-73.9701030393506,40.7838953063625,"21A-AM-1019-04","21A","AM",10192018,4,"Juvenile","Gray","Black","Gray+Black",NA,"Ground Plane","FALSE",NA,FALSE,FALSE,FALSE,FALSE,TRUE,NA,FALSE,FALSE,FALSE,FALSE,FALSE,FALSE,TRUE,FALSE,NA,"POINT (-73.9701030393506 40.7838953063625)",NA,19,4,19,13
"74",-73.9576223390082,40.7979746639647,"40B-AM-1019-04","40B","AM",10192018,4,"Juvenile","Gray","Cinnamon, White","Gray+Cinnamon, White",NA,"Ground Plane","FALSE",NA,FALSE,FALSE,TRUE,FALSE,TRUE,NA,FALSE,FALSE,FALSE,FALSE,FALSE,TRUE,TRUE,FALSE,NA,"POINT (-73.9576223390082 40.79797466396471)",NA,19,4,19,13
"75",-73.9599202233536,40.7972599930224,"38A-AM-1019-02","38A","AM",10192018,2,"Adult","Gray",NA,"Gray+",NA,"Above Ground","3",NA,TRUE,TRUE,TRUE,FALSE,FALSE,NA,FALSE,FALSE,FALSE,FALSE,FALSE,FALSE,TRUE,FALSE,NA,"POINT (-73.9599202233536 40.7972599930224)",NA,19,4,19,13
"76",-73.9708860879459,40.7768376656119,"14D-PM-1019-15","14D","PM",10192018,15,"Adult","Gray",NA,"Gray+",NA,"Ground Plane","FALSE",NA,FALSE,FALSE,FALSE,FALSE,TRUE,NA,FALSE,FALSE,FALSE,FALSE,FALSE,FALSE,FALSE,FALSE,NA,"POINT (-73.9708860879459 40.7768376656119)",NA,19,4,19,13
"77",-73.9695881075086,40.7842441291991,"21A-AM-1019-01","21A","AM",10192018,1,"Juvenile","Gray","Black","Gray+Black",NA,"Above Ground","3",NA,FALSE,FALSE,TRUE,FALSE,FALSE,NA,FALSE,FALSE,FALSE,FALSE,FALSE,FALSE,FALSE,FALSE,"keeps to tree,drops down on side away from people","POINT (-73.9695881075086 40.7842441291991)",NA,19,4,19,13
"78",-73.9677593344667,40.7763054313195,"15G-PM-1019-07","15G","PM",10192018,7,"Adult",NA,NA,"+",NA,"Above Ground","5",NA,FALSE,TRUE,FALSE,FALSE,FALSE,NA,FALSE,FALSE,FALSE,FALSE,TRUE,FALSE,FALSE,FALSE,NA,"POINT (-73.9677593344667 40.7763054313195)",NA,19,4,19,13
"79",-73.9581241870185,40.7961057536141,"38C-AM-1019-05","38C","AM",10192018,5,"Adult","Gray","White","Gray+White",NA,"Ground Plane","FALSE",NA,TRUE,FALSE,FALSE,FALSE,FALSE,NA,FALSE,FALSE,FALSE,FALSE,FALSE,FALSE,FALSE,TRUE,NA,"POINT (-73.9581241870185 40.7961057536141)",NA,19,4,19,13
"80",-73.9576219570858,40.7963351225672,"38C-AM-1019-03","38C","AM",10192018,3,"Juvenile","Gray","White","Gray+White",NA,"Ground Plane","FALSE",NA,FALSE,FALSE,FALSE,FALSE,TRUE,NA,FALSE,FALSE,FALSE,FALSE,FALSE,FALSE,FALSE,TRUE,NA,"POINT (-73.9576219570858 40.7963351225672)",NA,19,4,19,13
"81",-73.9534878316472,40.7978951981698,"41F-PM-1019-01","41F","PM",10192018,1,NA,NA,NA,"+",NA,NA,NA,NA,FALSE,FALSE,FALSE,FALSE,FALSE,NA,FALSE,FALSE,FALSE,FALSE,FALSE,FALSE,FALSE,FALSE,NA,"POINT (-73.9534878316472 40.7978951981698)",NA,19,4,19,13
"82",-73.9558180952889,40.7886810505944,"31I-PM-1019-03","31I","PM",10192018,3,"Adult","Gray","Cinnamon","Gray+Cinnamon",NA,"Ground Plane","FALSE",NA,FALSE,FALSE,FALSE,FALSE,TRUE,NA,FALSE,FALSE,FALSE,FALSE,FALSE,FALSE,FALSE,TRUE,NA,"POINT (-73.9558180952889 40.7886810505944)",NA,19,4,19,13
"83",-73.9587072373474,40.7985209579925,"40B-AM-1019-01","40B","AM",10192018,1,"Adult","Gray","White","Gray+White",NA,"Ground Plane","FALSE",NA,FALSE,FALSE,FALSE,FALSE,TRUE,NA,FALSE,FALSE,FALSE,FALSE,TRUE,FALSE,TRUE,FALSE,NA,"POINT (-73.9587072373474 40.7985209579925)",NA,19,4,19,13
"84",-73.962516494651,40.7884768989902,"28D-PM-1019-02","28D","PM",10192018,2,"Adult","Black",NA,"Black+",NA,"Ground Plane","FALSE",NA,FALSE,FALSE,FALSE,FALSE,TRUE,NA,FALSE,FALSE,FALSE,FALSE,FALSE,FALSE,FALSE,TRUE,NA,"POINT (-73.962516494651 40.7884768989902)",NA,19,4,19,13
"85",-73.9636027664439,40.790075966587,"30B-PM-1019-01","30B","PM",10192018,1,"Adult","Gray","Cinnamon, White","Gray+Cinnamon, White",NA,"Ground Plane","FALSE",NA,TRUE,FALSE,FALSE,TRUE,TRUE,NA,FALSE,FALSE,FALSE,FALSE,TRUE,FALSE,FALSE,TRUE,NA,"POINT (-73.9636027664439 40.790075966587)",NA,19,4,19,13
"86",-73.9524490779105,40.7936003219524,"38I-AM-1019-01","38I","AM",10192018,1,"Adult","Gray","Cinnamon","Gray+Cinnamon",NA,"Ground Plane","FALSE",NA,TRUE,FALSE,FALSE,FALSE,FALSE,NA,FALSE,FALSE,FALSE,FALSE,FALSE,FALSE,TRUE,FALSE,NA,"POINT (-73.9524490779105 40.7936003219524)",NA,19,4,19,13
"87",-73.9594174605642,40.7973128653773,"38B-AM-1019-02","38B","AM",10192018,2,"Juvenile","Gray","Cinnamon, White","Gray+Cinnamon, White",NA,"Ground Plane","FALSE",NA,FALSE,FALSE,FALSE,TRUE,TRUE,NA,FALSE,FALSE,FALSE,FALSE,TRUE,FALSE,TRUE,FALSE,NA,"POINT (-73.9594174605642 40.7973128653773)",NA,19,4,19,13
"88",-73.9708108312271,40.7773975776146,"14D-PM-1019-09","14D","PM",10192018,9,"Adult","Gray","Cinnamon","Gray+Cinnamon",NA,"Ground Plane","FALSE",NA,TRUE,FALSE,FALSE,FALSE,FALSE,NA,FALSE,FALSE,FALSE,FALSE,FALSE,FALSE,FALSE,TRUE,NA,"POINT (-73.9708108312271 40.7773975776146)",NA,19,4,19,13
"89",-73.97107389601,40.7723265810536,"10F-PM-1019-07","10F","PM",10192018,7,"Adult","Gray","Cinnamon","Gray+Cinnamon",NA,"Above Ground","10","Same tree (as #6)",FALSE,FALSE,TRUE,FALSE,FALSE,NA,FALSE,FALSE,FALSE,FALSE,FALSE,FALSE,TRUE,FALSE,NA,"POINT (-73.97107389601 40.7723265810536)",NA,19,4,19,13
"90",-73.9689227467959,40.7837541607494,"21B-AM-1019-03","21B","AM",10192018,3,"Juvenile","Gray","Cinnamon","Gray+Cinnamon",NA,"Ground Plane","FALSE",NA,FALSE,FALSE,FALSE,FALSE,TRUE,NA,FALSE,FALSE,FALSE,FALSE,FALSE,FALSE,TRUE,FALSE,NA,"POINT (-73.9689227467959 40.7837541607494)",NA,19,4,19,13
"91",-73.9698064901149,40.7842538115839,"21A-AM-1019-03","21A","AM",10192018,3,"Adult","Gray",NA,"Gray+",NA,"Ground Plane","FALSE","Tree & ground",FALSE,TRUE,FALSE,FALSE,FALSE,NA,FALSE,FALSE,FALSE,FALSE,FALSE,FALSE,TRUE,FALSE,NA,"POINT (-73.9698064901149 40.78425381158391)",NA,19,4,19,13
"92",-73.9690447463294,40.783913304529,"21B-AM-1019-06","21B","AM",10192018,6,"Juvenile","Gray",NA,"Gray+",NA,"Above Ground","7",NA,FALSE,FALSE,TRUE,TRUE,FALSE,NA,FALSE,FALSE,FALSE,FALSE,FALSE,FALSE,TRUE,FALSE,NA,"POINT (-73.9690447463294 40.78391330452901)",NA,19,4,19,13
"93",-73.9643016116839,40.7904796216068,"30B-PM-1019-05","30B","PM",10192018,5,"Adult","Gray","Cinnamon, White","Gray+Cinnamon, White",NA,"Ground Plane","FALSE",NA,FALSE,FALSE,FALSE,TRUE,TRUE,"hiding a nut",FALSE,FALSE,FALSE,FALSE,TRUE,FALSE,FALSE,TRUE,NA,"POINT (-73.9643016116839 40.7904796216068)",NA,19,4,19,13
"94",-73.980897497712,40.7690578709841,"2A-PM-1019-02","02A","PM",10192018,2,"Adult","Gray","White","Gray+White",NA,"Ground Plane","FALSE",NA,TRUE,FALSE,FALSE,FALSE,FALSE,NA,FALSE,FALSE,FALSE,TRUE,FALSE,FALSE,FALSE,FALSE,NA,"POINT (-73.980897497712 40.7690578709841)",NA,19,4,19,13
"95",-73.9586570546871,40.796349417475,"38C-AM-1019-09","38C","AM",10192018,9,"Adult","Gray","White","Gray+White","Gray & White selected as Primary & Highlights. Made executive adjustments.","Above Ground","3","Between ground & tree",FALSE,FALSE,FALSE,TRUE,TRUE,NA,FALSE,FALSE,FALSE,FALSE,TRUE,FALSE,FALSE,TRUE,NA,"POINT (-73.9586570546871 40.796349417475)",NA,19,4,19,13
"96",-73.958247706428,40.7989079136796,"40B-AM-1019-07","40B","AM",10192018,7,"Adult","Gray","White","Gray+White",NA,"Ground Plane","FALSE",NA,FALSE,FALSE,FALSE,FALSE,TRUE,NA,FALSE,FALSE,FALSE,FALSE,FALSE,FALSE,TRUE,TRUE,NA,"POINT (-73.958247706428 40.7989079136796)",NA,19,4,19,13
"97",-73.9714637683084,40.7768984561563,"14D-PM-1019-01","14D","PM",10192018,1,"Adult","Gray",NA,"Gray+",NA,"Ground Plane","FALSE",NA,FALSE,TRUE,FALSE,FALSE,FALSE,NA,FALSE,FALSE,FALSE,FALSE,FALSE,FALSE,FALSE,FALSE,NA,"POINT (-73.9714637683084 40.7768984561563)",NA,19,4,19,13
"98",-73.9610266708075,40.7817512107392,"23I-PM-1019-03","23I","PM",10192018,3,"Adult","Gray",NA,"Gray+",NA,"Ground Plane","FALSE",NA,FALSE,FALSE,FALSE,FALSE,TRUE,NA,FALSE,FALSE,FALSE,FALSE,FALSE,FALSE,FALSE,FALSE,NA,"POINT (-73.9610266708075 40.7817512107392)",NA,19,4,19,13
"99",-73.9711810222421,40.7773445611969,"14D-PM-1019-05","14D","PM",10192018,5,"Adult","Gray",NA,"Gray+",NA,"Ground Plane","FALSE",NA,TRUE,FALSE,FALSE,FALSE,FALSE,NA,FALSE,FALSE,FALSE,FALSE,FALSE,FALSE,FALSE,FALSE,NA,"POINT (-73.9711810222421 40.7773445611969)",NA,19,4,19,13
"100",-73.970260899173,40.783651724865,"21A-AM-1019-05","21A","AM",10192018,5,"Adult","Gray",NA,"Gray+",NA,"Above Ground","2",NA,FALSE,FALSE,TRUE,FALSE,FALSE,NA,FALSE,FALSE,FALSE,FALSE,FALSE,FALSE,TRUE,FALSE,NA,"POINT (-73.970260899173 40.783651724865)",NA,19,4,19,13
"101",-73.9643025171914,40.790570391517,"30B-PM-1019-06","30B","PM",10192018,6,"Adult","Gray","Black, Cinnamon, White","Gray+Black, Cinnamon, White",NA,"Ground Plane","FALSE",NA,FALSE,FALSE,TRUE,FALSE,TRUE,NA,FALSE,FALSE,FALSE,FALSE,FALSE,FALSE,FALSE,TRUE,NA,"POINT (-73.9643025171914 40.790570391517)",NA,19,4,19,13
"102",-73.9597192455543,40.7973316178661,"38A-AM-1019-03","38A","AM",10192018,3,"Adult","Gray","White","Gray+White","White belly","Ground Plane","FALSE",NA,FALSE,FALSE,FALSE,FALSE,TRUE,"stood on back legs",FALSE,FALSE,FALSE,FALSE,FALSE,TRUE,TRUE,TRUE,NA,"POINT (-73.9597192455543 40.7973316178661)",NA,19,4,19,13
"103",-73.9598875541307,40.7973415580717,"38A-AM-1019-04","38A","AM",10192018,4,"Adult","Gray",NA,"Gray+",NA,"Above Ground","2",NA,FALSE,FALSE,FALSE,FALSE,FALSE,"walking",FALSE,FALSE,FALSE,FALSE,FALSE,FALSE,TRUE,FALSE,NA,"POINT (-73.9598875541307 40.7973415580717)",NA,19,4,19,13
"104",-73.9797122322834,40.7678347587435,"1B-PM-1019-10","01B","PM",10192018,10,"Adult","Cinnamon","White","Cinnamon+White",NA,"Above Ground",NA,"Dog chased up tree",FALSE,FALSE,TRUE,FALSE,FALSE,NA,FALSE,FALSE,FALSE,FALSE,TRUE,FALSE,FALSE,FALSE,NA,"POINT (-73.97971223228342 40.7678347587435)",NA,19,4,19,13
"105",-73.9582363437135,40.7987752300505,"40B-AM-1019-06","40B","AM",10192018,6,"Juvenile","Gray","White","Gray+White",NA,"Ground Plane","FALSE",NA,FALSE,FALSE,FALSE,FALSE,TRUE,NA,FALSE,FALSE,FALSE,FALSE,FALSE,FALSE,FALSE,TRUE,NA,"POINT (-73.9582363437135 40.7987752300505)",NA,19,4,19,13
"106",-73.9709738166531,40.7774102689734,"14D-PM-1019-08","14D","PM",10192018,8,"Adult","Gray",NA,"Gray+",NA,"Ground Plane","FALSE",NA,FALSE,FALSE,TRUE,FALSE,FALSE,NA,FALSE,FALSE,FALSE,FALSE,FALSE,FALSE,FALSE,FALSE,NA,"POINT (-73.9709738166531 40.7774102689734)",NA,19,4,19,13
"107",-73.9698080328304,40.7842252948542,"21A-AM-1019-02","21A","AM",10192018,2,"Adult","Gray",NA,"Gray+",NA,"Ground Plane","FALSE","Tree & ground",FALSE,TRUE,FALSE,FALSE,FALSE,NA,FALSE,FALSE,FALSE,FALSE,FALSE,FALSE,TRUE,FALSE,NA,"POINT (-73.9698080328304 40.7842252948542)",NA,19,4,19,13
"108",-73.9710531485298,40.7773757069445,"14D-PM-1019-06","14D","PM",10192018,6,"Adult","Gray",NA,"Gray+",NA,"Ground Plane","FALSE",NA,FALSE,FALSE,FALSE,TRUE,FALSE,NA,FALSE,FALSE,FALSE,TRUE,FALSE,FALSE,TRUE,FALSE,NA,"POINT (-73.97105314852982 40.777375706944504)",NA,19,4,19,13
"109",-73.9674978826751,40.776288410765,"15G-PM-1019-10","15G","PM",10192018,10,"Adult","Gray",NA,"Gray+",NA,"Above Ground","1","on a log",FALSE,FALSE,FALSE,TRUE,FALSE,NA,FALSE,FALSE,FALSE,FALSE,FALSE,FALSE,FALSE,TRUE,NA,"POINT (-73.9674978826751 40.776288410765)",NA,19,4,19,13
"110",-73.9708225719705,40.7772497804149,"14D-PM-1019-13","14D","PM",10192018,13,"Adult","Gray",NA,"Gray+",NA,NA,NA,NA,FALSE,FALSE,FALSE,FALSE,FALSE,NA,FALSE,FALSE,FALSE,FALSE,FALSE,FALSE,FALSE,FALSE,NA,"POINT (-73.9708225719705 40.7772497804149)",NA,19,4,19,13
"111",-73.9709991016317,40.7725756707748,"10F-PM-1019-03","10F","PM",10192018,3,"Juvenile","Gray","Cinnamon","Gray+Cinnamon","Cinnamon head","Ground Plane","FALSE","Behind fence, grass",FALSE,FALSE,FALSE,TRUE,FALSE,"eating (nuts)",FALSE,FALSE,FALSE,FALSE,FALSE,TRUE,FALSE,FALSE,"approaches (bad tourists w/ nuts)","POINT (-73.9709991016317 40.772575670774806)",NA,19,4,19,13
"112",-73.9628982772673,40.7884304803386,"28D-PM-1019-01","28D","PM",10192018,1,"Adult","Gray","White","Gray+White",NA,"Ground Plane","FALSE",NA,FALSE,FALSE,FALSE,FALSE,TRUE,NA,FALSE,FALSE,FALSE,FALSE,FALSE,FALSE,TRUE,FALSE,NA,"POINT (-73.9628982772673 40.7884304803386)",NA,19,4,19,13
"113",-73.9768173303165,40.7661261813557,"1F-PM-1019-01","01F","PM",10192018,1,"Adult","Gray","Cinnamon","Gray+Cinnamon",NA,"Ground Plane","FALSE",NA,FALSE,FALSE,FALSE,FALSE,TRUE,NA,FALSE,FALSE,FALSE,FALSE,FALSE,FALSE,FALSE,TRUE,NA,"POINT (-73.9768173303165 40.7661261813557)",NA,19,4,19,13
"114",-73.9590632051055,40.7963146584827,"38B-AM-1019-04","38B","AM",10192018,4,"Adult","Gray",NA,"Gray+",NA,"Above Ground","20",NA,FALSE,FALSE,FALSE,FALSE,FALSE,"sitting in tree",TRUE,TRUE,FALSE,TRUE,FALSE,FALSE,TRUE,FALSE,"observant","POINT (-73.9590632051055 40.7963146584827)",NA,19,4,19,13
"115",-73.9576897478787,40.7964695328457,"38C-AM-1019-02","38C","AM",10192018,2,"Adult","Gray","Cinnamon","Gray+Cinnamon",NA,"Ground Plane","FALSE",NA,TRUE,FALSE,FALSE,FALSE,FALSE,NA,FALSE,FALSE,FALSE,FALSE,TRUE,FALSE,TRUE,FALSE,NA,"POINT (-73.9576897478787 40.7964695328457)",NA,19,4,19,13
"116",-73.9704679459444,40.7773384236212,"14D-PM-1019-10","14D","PM",10192018,10,"Adult","Gray",NA,"Gray+",NA,"Above Ground","20",NA,FALSE,FALSE,TRUE,FALSE,FALSE,NA,FALSE,FALSE,FALSE,TRUE,FALSE,FALSE,FALSE,TRUE,NA,"POINT (-73.9704679459444 40.7773384236212)",NA,19,4,19,13
"117",-73.9533645762606,40.7983709215535,"42F-AM-1019-01","42F","AM",10192018,1,"Adult","Gray","Cinnamon","Gray+Cinnamon",NA,"Ground Plane","FALSE",NA,FALSE,FALSE,FALSE,FALSE,FALSE,NA,FALSE,FALSE,FALSE,FALSE,TRUE,FALSE,FALSE,TRUE,"runs from (me)","POINT (-73.9533645762606 40.7983709215535)",NA,19,4,19,13
"118",-73.9563720614251,40.7879453306251,"31I-PM-1019-01","31I","PM",10192018,1,"Adult","Gray",NA,"Gray+",NA,"Ground Plane","FALSE",NA,FALSE,FALSE,FALSE,FALSE,TRUE,NA,FALSE,FALSE,FALSE,FALSE,FALSE,FALSE,TRUE,FALSE,NA,"POINT (-73.9563720614251 40.7879453306251)",NA,19,4,19,13
"119",-73.9761375729505,40.7662231892125,"1F-PM-1019-02","01F","PM",10192018,2,"Adult","Gray","Cinnamon","Gray+Cinnamon",NA,"Above Ground","2",NA,FALSE,FALSE,TRUE,TRUE,FALSE,NA,FALSE,FALSE,FALSE,FALSE,FALSE,TRUE,FALSE,FALSE,NA,"POINT (-73.9761375729505 40.7662231892125)",NA,19,4,19,13
"120",-73.9708564226824,40.7726219968014,"10F-PM-1019-09","10F","PM",10192018,9,"Adult","Gray","Cinnamon","Gray+Cinnamon",NA,"Ground Plane","FALSE","Across Arbor path into hill w/ bushes",TRUE,FALSE,FALSE,FALSE,TRUE,NA,FALSE,FALSE,FALSE,FALSE,FALSE,FALSE,FALSE,TRUE,NA,"POINT (-73.9708564226824 40.7726219968014)",NA,19,4,19,13
"121",-73.9809446489564,40.7685032165879,"2A-PM-1019-03","02A","PM",10192018,3,"Juvenile","Gray","White","Gray+White",NA,"Above Ground","15","in tree!",TRUE,FALSE,FALSE,FALSE,FALSE,NA,FALSE,FALSE,FALSE,FALSE,FALSE,FALSE,TRUE,FALSE,NA,"POINT (-73.9809446489564 40.7685032165879)",NA,19,4,19,13
"122",-73.9599419926299,40.7972774728811,"38A-AM-1019-01","38A","AM",10192018,1,"Adult","Gray",NA,"Gray+",NA,"Above Ground","3",NA,TRUE,TRUE,TRUE,FALSE,FALSE,NA,FALSE,FALSE,FALSE,FALSE,FALSE,FALSE,TRUE,FALSE,NA,"POINT (-73.9599419926299 40.7972774728811)",NA,19,4,19,13
"123",-73.9805927710872,40.7679989116642,"1B-PM-1019-07","01B","PM",10192018,7,"Adult","Gray","White","Gray+White",NA,"Ground Plane","FALSE",NA,FALSE,FALSE,FALSE,TRUE,FALSE,NA,FALSE,FALSE,FALSE,FALSE,FALSE,FALSE,TRUE,FALSE,NA,"POINT (-73.9805927710872 40.7679989116642)",NA,19,4,19,13
"124",-73.9726920847792,40.7794117463889,"16A-PM-1019-02","16A","PM",10192018,2,"Adult","Cinnamon","Gray","Cinnamon+Gray",NA,"Ground Plane","FALSE",NA,FALSE,FALSE,FALSE,FALSE,TRUE,NA,FALSE,FALSE,FALSE,FALSE,TRUE,FALSE,FALSE,TRUE,"scared by dog","POINT (-73.9726920847792 40.7794117463889)",NA,19,4,19,13
"125",-73.9714295102249,40.776954371947,"14D-PM-1019-02","14D","PM",10192018,2,"Adult","Gray",NA,"Gray+",NA,"Ground Plane","FALSE",NA,FALSE,TRUE,FALSE,FALSE,FALSE,NA,FALSE,FALSE,FALSE,FALSE,FALSE,FALSE,FALSE,FALSE,NA,"POINT (-73.9714295102249 40.776954371947)",NA,19,4,19,13
"126",-73.9710221361528,40.7724939691584,"10F-PM-1019-01","10F","PM",10192018,1,"Adult","Gray","Cinnamon","Gray+Cinnamon","Cinnamon head & stripe","Above Ground","2","Behind fence, tree trunk",FALSE,FALSE,TRUE,FALSE,FALSE,"sitting",FALSE,FALSE,FALSE,FALSE,FALSE,FALSE,TRUE,FALSE,NA,"POINT (-73.9710221361528 40.7724939691584)",NA,19,4,19,13
"127",-73.9675697600155,40.7766797414463,"15G-PM-1019-06","15G","PM",10192018,6,"Adult","Gray","Cinnamon","Gray+Cinnamon",NA,"Ground Plane","FALSE",NA,FALSE,FALSE,FALSE,FALSE,TRUE,"scratching!",FALSE,FALSE,FALSE,FALSE,FALSE,FALSE,FALSE,FALSE,NA,"POINT (-73.9675697600155 40.7766797414463)",NA,19,4,19,13
"128",-73.9713680837672,40.7771661508364,"14D-PM-1019-03","14D","PM",10192018,3,"Juvenile","Gray","Cinnamon","Gray+Cinnamon",NA,"Ground Plane","FALSE",NA,FALSE,FALSE,FALSE,FALSE,TRUE,NA,FALSE,FALSE,FALSE,FALSE,FALSE,FALSE,FALSE,TRUE,NA,"POINT (-73.9713680837672 40.77716615083641)",NA,19,4,19,13
"129",-73.9639828431368,40.7910151996207,"30B-PM-1019-09","30B","PM",10192018,9,"Adult","Gray","Cinnamon, White","Gray+Cinnamon, White",NA,"Ground Plane","FALSE",NA,FALSE,FALSE,FALSE,FALSE,TRUE,NA,FALSE,FALSE,FALSE,FALSE,FALSE,FALSE,FALSE,TRUE,NA,"POINT (-73.9639828431368 40.7910151996207)",NA,19,4,19,13
"130",-73.9690241805398,40.7837967580773,"21B-AM-1019-07","21B","AM",10192018,7,"Adult","Gray",NA,"Gray+",NA,"Ground Plane","FALSE",NA,FALSE,FALSE,FALSE,FALSE,TRUE,NA,FALSE,FALSE,FALSE,FALSE,FALSE,FALSE,TRUE,FALSE,NA,"POINT (-73.9690241805398 40.7837967580773)",NA,19,4,19,13
"131",-73.9581007437094,40.7959403112722,"38C-AM-1019-06","38C","AM",10192018,6,"Adult","Gray",NA,"Gray+",NA,"Above Ground","23",NA,FALSE,FALSE,TRUE,FALSE,FALSE,NA,TRUE,FALSE,FALSE,TRUE,FALSE,FALSE,TRUE,FALSE,NA,"POINT (-73.9581007437094 40.7959403112722)",NA,19,4,19,13
"132",-73.97063044051,40.7771060594808,"14D-PM-1019-14","14D","PM",10192018,14,"Adult","Gray","Cinnamon","Gray+Cinnamon",NA,"Ground Plane","FALSE",NA,FALSE,FALSE,FALSE,FALSE,TRUE,NA,FALSE,FALSE,FALSE,FALSE,FALSE,FALSE,FALSE,FALSE,NA,"POINT (-73.97063044051 40.7771060594808)",NA,19,4,19,13
"133",-73.9522677657659,40.7934034811368,"38I-AM-1019-02","38I","AM",10192018,2,"Adult","Cinnamon","Gray","Cinnamon+Gray",NA,"Ground Plane","FALSE",NA,FALSE,FALSE,FALSE,FALSE,TRUE,NA,FALSE,FALSE,FALSE,FALSE,FALSE,FALSE,FALSE,TRUE,NA,"POINT (-73.9522677657659 40.7934034811368)",NA,19,4,19,13
"134",-73.9604576237503,40.7818120101394,"23I-PM-1019-01","23I","PM",10192018,1,"Adult","Gray",NA,"Gray+",NA,"Above Ground","35",NA,TRUE,FALSE,FALSE,FALSE,FALSE,"running (across branches)",FALSE,FALSE,FALSE,FALSE,FALSE,FALSE,FALSE,FALSE,NA,"POINT (-73.9604576237503 40.7818120101394)",NA,19,4,19,13
"135",-73.9582150734453,40.7962862794303,"38C-AM-1019-08","38C","AM",10192018,8,"Juvenile","Gray","White","Gray+White",NA,"Ground Plane","FALSE",NA,TRUE,FALSE,FALSE,FALSE,TRUE,NA,TRUE,FALSE,FALSE,FALSE,FALSE,FALSE,TRUE,FALSE,NA,"POINT (-73.9582150734453 40.7962862794303)",NA,19,4,19,13
"136",-73.9726056411971,40.7793467904743,"16A-PM-1019-03","16A","PM",10192018,3,NA,"Gray",NA,"Gray+",NA,"Above Ground","15",NA,FALSE,FALSE,TRUE,FALSE,FALSE,NA,FALSE,FALSE,FALSE,FALSE,FALSE,FALSE,FALSE,FALSE,NA,"POINT (-73.9726056411971 40.7793467904743)",NA,19,4,19,13
"137",-73.9708628933624,40.7725630886784,"10F-PM-1019-08","10F","PM",10192018,8,"Adult","Gray","Cinnamon","Gray+Cinnamon",NA,"Ground Plane","FALSE","Under ""Grape Arbor"" structure behind Bandshell",TRUE,FALSE,FALSE,FALSE,TRUE,"digging",FALSE,FALSE,FALSE,FALSE,FALSE,FALSE,FALSE,TRUE,NA,"POINT (-73.9708628933624 40.7725630886784)",NA,19,4,19,13
"138",-73.9809688694074,40.7688535974878,"2A-PM-1019-06","02A","PM",10192018,6,"Adult","Gray","White","Gray+White",NA,"Ground Plane","FALSE",NA,FALSE,FALSE,FALSE,FALSE,TRUE,NA,FALSE,FALSE,FALSE,FALSE,FALSE,FALSE,TRUE,FALSE,NA,"POINT (-73.9809688694074 40.7688535974878)",NA,19,4,19,13
"139",-73.9601851468038,40.7968698151479,"38A-AM-1019-05","38A","AM",10192018,5,"Adult","Gray","Cinnamon, White","Gray+Cinnamon, White","Cinnamon head, White belly","Ground Plane","FALSE",NA,FALSE,FALSE,FALSE,FALSE,TRUE,"standing on back legs",FALSE,FALSE,FALSE,FALSE,FALSE,TRUE,TRUE,FALSE,NA,"POINT (-73.9601851468038 40.7968698151479)",NA,19,4,19,13
"140",-73.9799302952205,40.7677207209798,"1B-PM-1019-02","01B","PM",10192018,2,"Adult","Gray","White","Gray+White",NA,"Ground Plane","FALSE",NA,TRUE,FALSE,FALSE,FALSE,FALSE,NA,FALSE,FALSE,FALSE,FALSE,FALSE,FALSE,TRUE,FALSE,NA,"POINT (-73.9799302952205 40.7677207209798)",NA,19,4,19,13
"141",-73.9710273070712,40.7766521246153,"14D-PM-1019-16","14D","PM",10192018,16,"Adult","Gray","Cinnamon","Gray+Cinnamon",NA,"Ground Plane","FALSE",NA,TRUE,FALSE,FALSE,FALSE,FALSE,NA,FALSE,FALSE,FALSE,FALSE,FALSE,FALSE,FALSE,FALSE,NA,"POINT (-73.9710273070712 40.7766521246153)",NA,19,4,19,13
"142",-73.9593895253501,40.7973085844087,"38B-AM-1019-03","38B","AM",10192018,3,"Juvenile","Gray",NA,"Gray+",NA,"Ground Plane","FALSE",NA,FALSE,FALSE,FALSE,TRUE,TRUE,NA,FALSE,FALSE,FALSE,FALSE,TRUE,FALSE,TRUE,FALSE,NA,"POINT (-73.9593895253501 40.7973085844087)",NA,19,4,19,13
"143",-73.9810843611086,40.7687905493699,"2A-PM-1019-05","02A","PM",10192018,5,"?","Gray",NA,"Gray+",NA,"Above Ground","50","in tall planetree",TRUE,FALSE,FALSE,FALSE,FALSE,NA,FALSE,FALSE,FALSE,FALSE,FALSE,FALSE,FALSE,FALSE,NA,"POINT (-73.9810843611086 40.7687905493699)",NA,19,4,19,13
"144",-73.9802983138318,40.7676540772339,"1B-PM-1019-05","01B","PM",10192018,5,"Adult","Gray","White","Gray+White",NA,"Ground Plane","FALSE",NA,FALSE,FALSE,FALSE,TRUE,FALSE,NA,FALSE,FALSE,FALSE,FALSE,FALSE,FALSE,TRUE,FALSE,NA,"POINT (-73.9802983138318 40.7676540772339)",NA,19,4,19,13
"145",-73.9533101544112,40.7938634280159,"38H-AM-1019-01","38H","AM",10192018,1,"Adult","Cinnamon","Gray","Cinnamon+Gray",NA,"Ground Plane","FALSE",NA,FALSE,FALSE,FALSE,TRUE,TRUE,NA,FALSE,FALSE,FALSE,FALSE,FALSE,FALSE,TRUE,FALSE,NA,"POINT (-73.9533101544112 40.7938634280159)",NA,19,4,19,13
"146",-73.9643507588008,40.7904324693292,"30B-PM-1019-07","30B","PM",10192018,7,"Adult","Gray","Black, Cinnamon, White","Gray+Black, Cinnamon, White",NA,"Ground Plane","FALSE",NA,FALSE,FALSE,FALSE,TRUE,TRUE,NA,FALSE,FALSE,FALSE,FALSE,FALSE,FALSE,FALSE,TRUE,NA,"POINT (-73.96435075880082 40.7904324693292)",NA,19,4,19,13
"147",-73.9651132904127,40.7905384124102,"29A-PM-1019-02","29A","PM",10192018,2,"Adult","Gray","Cinnamon","Gray+Cinnamon",NA,"Ground Plane","FALSE",NA,FALSE,FALSE,FALSE,FALSE,TRUE,NA,FALSE,FALSE,FALSE,FALSE,FALSE,FALSE,TRUE,FALSE,NA,"POINT (-73.9651132904127 40.7905384124102)",NA,19,4,19,13
"148",-73.9693262952166,40.783260411082,"21B-AM-1019-01","21B","AM",10192018,1,"Juvenile","Gray",NA,"Gray+",NA,"Ground Plane","FALSE",NA,FALSE,FALSE,FALSE,FALSE,TRUE,NA,FALSE,FALSE,FALSE,FALSE,FALSE,FALSE,TRUE,FALSE,NA,"POINT (-73.9693262952166 40.783260411082)",NA,19,4,19,13
"149",-73.9802842404016,40.7678257384977,"1B-PM-1019-03","01B","PM",10192018,3,"Juvenile","Gray","White","Gray+White",NA,"Above Ground","25","in tree",FALSE,TRUE,FALSE,FALSE,FALSE,NA,FALSE,FALSE,FALSE,FALSE,FALSE,FALSE,FALSE,FALSE,NA,"POINT (-73.98028424040162 40.7678257384977)",NA,19,4,19,13
"150",-73.9730027200009,40.7798000868804,"16A-PM-1019-05","16A","PM",10192018,5,"Adult","Gray","Cinnamon","Gray+Cinnamon",NA,"Above Ground","20",NA,FALSE,FALSE,TRUE,FALSE,FALSE,NA,FALSE,FALSE,FALSE,FALSE,FALSE,FALSE,FALSE,FALSE,NA,"POINT (-73.9730027200009 40.7798000868804)",NA,19,4,19,13
"151",-73.956581233786,40.7902127690837,"33H-AM-1019-01","33H","AM",10192018,1,"Adult","Cinnamon","Gray","Cinnamon+Gray","Cinnamon patches","Ground Plane","FALSE",NA,FALSE,FALSE,FALSE,FALSE,FALSE,"wrestling with child",FALSE,FALSE,FALSE,FALSE,FALSE,FALSE,FALSE,FALSE,NA,"POINT (-73.956581233786 40.79021276908371)",NA,19,4,19,13
"152",-73.9530811255728,40.7983069118579,"42F-AM-1019-02","42F","AM",10192018,2,"Adult","Gray","White","Gray+White",NA,"Ground Plane","FALSE",NA,FALSE,FALSE,FALSE,TRUE,TRUE,NA,FALSE,FALSE,FALSE,FALSE,FALSE,FALSE,TRUE,FALSE,NA,"POINT (-73.9530811255728 40.79830691185791)",NA,19,4,19,13
"153",-73.9673220504383,40.7770296345963,"15G-PM-1019-04","15G","PM",10192018,4,"Adult","Gray",NA,"Gray+",NA,"Ground Plane","FALSE",NA,FALSE,FALSE,FALSE,FALSE,TRUE,NA,FALSE,FALSE,FALSE,FALSE,FALSE,FALSE,FALSE,FALSE,NA,"POINT (-73.9673220504383 40.7770296345963)",NA,19,4,19,13
"154",-73.9720389756717,40.7763524091989,"13C-PM-1019-02","13C","PM",10192018,2,"Adult","Gray",NA,"Gray+",NA,"Ground Plane","FALSE",NA,TRUE,FALSE,FALSE,FALSE,FALSE,NA,FALSE,FALSE,FALSE,FALSE,TRUE,FALSE,TRUE,FALSE,NA,"POINT (-73.9720389756717 40.7763524091989)",NA,19,4,19,13
"155",-73.9685201626934,40.783329261225,"21B-AM-1019-05","21B","AM",10192018,5,"Adult","Gray",NA,"Gray+",NA,"Ground Plane","FALSE",NA,TRUE,FALSE,FALSE,FALSE,TRUE,NA,FALSE,FALSE,FALSE,FALSE,FALSE,FALSE,TRUE,FALSE,NA,"POINT (-73.9685201626934 40.783329261225)",NA,19,4,19,13
"156",-73.9727230609785,40.7795341640894,"16A-PM-1019-01","16A","PM",10192018,1,"Adult","Gray",NA,"Gray+",NA,"Ground Plane","FALSE",NA,FALSE,FALSE,FALSE,FALSE,TRUE,NA,FALSE,FALSE,FALSE,FALSE,TRUE,FALSE,FALSE,TRUE,NA,"POINT (-73.9727230609785 40.7795341640894)",NA,19,4,19,13
"157",-73.9563724838337,40.7882504581015,"31I-PM-1019-04","31I","PM",10192018,4,"Adult","Gray",NA,"Gray+",NA,"Ground Plane","FALSE",NA,TRUE,FALSE,FALSE,FALSE,FALSE,NA,FALSE,FALSE,FALSE,FALSE,FALSE,FALSE,TRUE,FALSE,NA,"POINT (-73.95637248383372 40.7882504581015)",NA,19,4,19,13
"158",-73.9662895079734,40.7843300758044,"23C-AM-1019-01","23C","AM",10192018,1,"Adult","Gray","Cinnamon, White","Gray+Cinnamon, White","Gray & Cinnamon selected as Primary. Gray, Cinnamon & White selected as Highlights. Made executive adjustments.","Above Ground","7",NA,FALSE,FALSE,TRUE,TRUE,FALSE,"eating (on branch)",TRUE,FALSE,FALSE,FALSE,FALSE,FALSE,TRUE,FALSE,NA,"POINT (-73.9662895079734 40.7843300758044)",NA,19,4,19,13
